video_id,suggestions,response
cbieKCgNvvU_000200.mp4,['playing erhu'],playing erhu
7FBIBPKPzAA_000035.mp4,[],none
eJsVdyNPVh0_000500.mp4,"['machine gun shooting', 'skiing', 'playing theremin', 'playing didgeridoo', 'playing trombone', 'playing piano', 'tractor digging', 'engine accelerating, revving, vroom', 'rowboat, canoe, kayak rowing', 'playing clarinet', 'railroad car, train wagon', 'playing bass guitar', 'playing bassoon', 'vacuum cleaner cleaning floors', 'playing harp', 'police car (siren)', 'female speech, woman speaking', 'playing cymbal', 'bird chirping, tweeting', 'tap dancing', 'fireworks banging', 'playing erhu', 'ocean burbling', 'civil defense siren', 'playing flute', 'child speech, kid speaking', 'driving buses', 'helicopter', 'chainsawing trees', 'playing cello', 'bowling impact', 'playing hammond organ', 'female singing', 'vehicle horn, car horn, honking', 'playing drum kit', 'driving motorcycle', 'male singing', 'playing glockenspiel', 'people booing', 'playing harpsichord', 'chicken crowing', 'playing saxophone', 'race car, auto racing', 'playing tabla', 'frog croaking', 'playing violin, fiddle', 'singing bowl', 'playing electric guitar', 'missile launch', 'playing snare drum']","bird chirping, tweeting, chainsawing trees, chicken crowing, child speech, kid speaking, driving buses, driving motorcycle, engine accelerating, revving, vroom, female singing, female speech, woman speaking, fireworks banging, helicopter, vehicle horn, car horn, honking, people booing, playing clarinet, playing hammond organ, playing bass guitar, playing bassoon, playing cello, playing cymbal, playing didgeridoo, playing drum kit, playing electric guitar, playing flute, playing harp, xylophone, playing piano, playing saxophone, playing trombone, playing violin, fiddle, police car (siren), race car, auto racing, railroad car, train wagon, rowboat, canoe, kayak rowing, singing bowl, tap dancing, playing tabla, playing glockenspiel, playing harpsichord, frog croaking, vacuum cleaner cleaning floors, playing theremin, playing erhu, tractor digging, bowling impact, playing snare drum, machine gun shooting, ocean burbling, skiing, civil defense siren, missile launch, playing erhu, tractor digging, bowling impact, playing snare drum, machine gun shooting, ocean burbling, skiing, civil defense siren, missile launch, playing erhu, tractor digging, bowling impact, playing snare drum, machine gun shooting, ocean burbling, skiing, civil defense siren, missile launch, playing erhu, tractor digging, bowling impact, playing snare drum, machine gun shooting, ocean burbling, skiing, civil defense siren, missile launch, playing erhu, tractor digging, bowling impact, playing snare drum, machine gun shooting, ocean burbling, skiing, civil defense siren, missile launch, playing erhu, tractor digging, bowling impact, playing snare drum, machine gun shooting, ocean burbling, skiing, civil defense siren, missile launch, playing erhu, tractor digging, bowling impact, playing snare drum, machine gun shooting, ocean burbling, skiing, civil defense siren, missile launch, playing erhu, tractor digging, bowling impact, playing snare drum, machine"
m-XV3AbXE3o_000000.mp4,[],none
n156ypVdysY_000449.mp4,[],none (smile)
43R5uK6JJoA_000030.mp4,[],none
pJpAIDrXzJY_000120.mp4,[],none
4IZKViDklnM_000030.mp4,[],none
nSBDyxxscks_000220.mp4,[],none
0jy-sVREk4o_000030.mp4,[],none
LdeIAOUu15M_000091.mp4,[],none
aKiYt30HO0k_000004.mp4,[],none
T0DQyRrjewU_000003.mp4,[],none
ZHksjiNWM-0_000030.mp4,[],none
8AYXpxT4jcs_000090.mp4,[],none
nvIIa2B7P_0_000440.mp4,[],none
MjTuAV036yY_000080.mp4,[],none
fe3dZmkaq0Q_000070.mp4,[],none
h5gvpYSIifs_000080.mp4,[],none
4G92jhdrbhs_000030.mp4,[],none
HeSsGP8y2AM_000141.mp4,[],none
MTkvHwqj9v4_000161.mp4,[],none
Mo0WiG_6T80_000011.mp4,[],none
XIdfyskZjj0_000003.mp4,[],none
kQ_5qrWH7v4_000338.mp4,[],none
U24BkLFGDtg_000490.mp4,[],none
JurvV_uIqjA_000026.mp4,[],none
IixugYA0nKg_000135.mp4,"['toilet flushing', 'playing didgeridoo', 'playing banjo', 'playing trombone', 'playing piano', 'engine accelerating, revving, vroom', 'playing clarinet', 'railroad car, train wagon', 'playing bass guitar', 'playing bassoon', 'pigeon, dove cooing', 'playing harp', 'police car (siren)', 'people burping', 'female speech, woman speaking', 'tap dancing', 'bird chirping, tweeting', 'fireworks banging', 'playing squash', 'playing accordion', 'playing flute', 'child speech, kid speaking', 'driving buses', 'helicopter', 'people crowd', 'chainsawing trees', 'playing cello', 'playing hammond organ', 'female singing', 'vehicle horn, car horn, honking', 'playing marimba, xylophone', 'playing drum kit', 'driving motorcycle', 'male singing', 'playing glockenspiel', 'people booing', 'orchestra', 'playing table tennis', 'playing harpsichord', 'chicken crowing', 'playing saxophone', 'race car, auto racing', 'playing tabla', 'playing violin, fiddle', 'singing bowl', 'playing electric guitar']","bird chirping, tweeting, chainsawing trees, chicken crowing, child speech, kid speaking, driving buses, driving motorcycle, engine accelerating, revving, vroom, female singing, female speech, woman speaking, fireworks banging, helicopter, orchestra, people booing, people crowd, pigeon, dove cooing, playing accordion, playing banjo, playing bass guitar, playing bassoon, playing cello, playing didgeridoo, playing drum kit, playing electric guitar, playing flute, playing harp, playing marimba, xylophone, playing piano, playing saxophone, playing trombone, playing violin, fiddle, police car (siren), race car, auto racing, railroad car, train wagon, rowboat, kayak rowing, singing bowl, tap dancing, toilet flushing, vehicle horn, car horn, honking, people burping, playing clarinet, playing hammond organ, playing squash, playing table tennis, playing tabla, playing glockenspiel, playing harpsichord, playing violin, fiddle, police car (siren), race car, auto racing, railroad car, train wagon, rowboat, kayak rowing, singing bowl, tap dancing, toilet flushing, vehicle horn, car horn, honking, people burping, playing clarinet, playing hammond organ, playing squash, playing table tennis, playing tabla, playing glockenspiel, playing harpsichord, playing violin, fiddle, police car (siren), race car, auto racing, railroad car, train wagon, rowboat, kayak rowing, singing bowl, tap dancing, toilet flushing, vehicle horn, car horn, honking, people burping, playing clarinet, playing hammond organ, playing squash, playing table tennis, playing tabla, playing glockenspiel, playing harpsichord, playing violin, fiddle, police car (siren), race car, auto racing, railroad car, train wagon, rowboat, kayak rowing, singing bowl, tap dancing, toilet flushing, vehicle horn, car horn, honking, people burping, playing clarinet, playing h"
VV_-L-GMh8g_000230.mp4,[],none
_-UGWlp0IG0_000150.mp4,[],none
YVWCiLMmIaw_000683.mp4,[],none
GjqHhBTAO0U_000030.mp4,[],none
GmCCNlPZIQU_000050.mp4,[],none
qV-1zIzfDS4_000017.mp4,[],none
Qlov2pGggJ0_000101.mp4,[],none
ortMPr9w06U_000021.mp4,[],none
5bU5bCN2y54_000046.mp4,[],none
qUF8raImRZM_000440.mp4,[],none
I5_9FYVk6cQ_000096.mp4,[],none
aaA_khSU0BE_000003.mp4,[],none
xnA7O5ESAbY_000030.mp4,[],none
nU7x170OvJ4_000030.mp4,[],none
uz-_ROIn0bM_000035.mp4,[],none
i6G_2fsacJc_000062.mp4,[],none
6fk7dtIgSpk_000040.mp4,[],none
zey5f-NjbtE_000201.mp4,[],none
DeiK0fdPv8Y_000008.mp4,[],none
O3ulYoQ5EiY_000030.mp4,[],none
-UKH_6moRZc_000180.mp4,[],none
gA_MFQncHyc_000012.mp4,[],none
Pkm7v1pHu6Y_000030.mp4,[],none
uEtmoOj6wHY_000086.mp4,[],none
dEsYWbxla08_000030.mp4,[],none
xc0092TjO14_000063.mp4,[],none
Lvv2W9sKXJc_000122.mp4,[],none
GzPqONtFJXA_000060.mp4,[],none
BWlYf-hKucs_000083.mp4,[],none
QayWG1ZPKGE_000012.mp4,[],none
qOeghW4g5pk_000087.mp4,"['playing bassoon', 'playing harp', 'playing harpsichord', 'playing saxophone', 'playing trombone', 'playing piano', 'playing bongo', 'playing erhu', 'playing glockenspiel']","playing erhu, playing bongo, playing glockenspiel, playing harpsichord, playing piano, playing saxophone, playing trombone, playing violin, playing fiddle, playing bassoon, playing glockenspiel, playing harpsichord, playing piano, playing saxophone, playing bassoon, playing bongo, playing glockenspiel, playing harpsichord, playing piano, playing saxophone, playing violin, playing fiddle, playing bassoon, playing glockenspiel, playing harpsichord, playing piano, playing saxophone, playing bongo, playing bongo, playing glockenspiel, playing harpsichord, playing piano, playing saxophone, playing violin, playing fiddle, playing bassoon, playing glockenspiel, playing harpsichord, playing piano, playing saxophone, playing bongo, playing bongo, playing glockenspiel, playing harpsichord, playing piano, playing saxophone, playing violin, playing fiddle, playing bassoon, playing glockenspiel, playing harpsichord, playing piano, playing saxophone, playing bongo, playing bongo, playing glockenspiel, playing harpsichord, playing piano, playing saxophone, playing violin, playing fiddle, playing bassoon, playing glockenspiel, playing harpsichord, playing piano, playing saxophone, playing bongo, playing bongo, playing glockenspiel, playing harpsichord, playing piano, playing saxophone, playing violin, playing fiddle, playing bassoon, playing glockenspiel, playing harpsichord, playing piano, playing saxophone, playing violin, playing bongo, playing bongo, playing glockenspiel, playing harpsichord, playing piano, playing saxophone, playing violin, playing fiddle, playing bassoon, playing glockenspiel, playing harpsichord, playing piano, playing saxophone, playing violin, playing bongo, playing bongo, playing glockenspiel, playing harpsichord, playing piano, playing saxophone, playing violin, playing bongo, playing bongo, playing glockenspiel, playing harpsichord, playing piano, playing saxophone, playing violin, playing bongo, playing b"
XyIAPpcvVro_000000.mp4,[],none
49nqh7uI9fw_000030.mp4,[],none
BKgwRJP-wDI_000010.mp4,[],none
4Mj0Eu8AThg_000002.mp4,[],none
T4aReg7Awxo_000040.mp4,[],none
GUJCLsTnqTA_000174.mp4,[],none
Y8JWmw7VjtI_000317.mp4,[],none
Klg9f9U3kDQ_000552.mp4,[],none
fuKUA573aPQ_000040.mp4,[],none
Xgq-pbUmEVM_000026.mp4,[],none
smJRVhMRxIQ_000007.mp4,[],none
WftXzNONXZo_000169.mp4,[],none
wNG49_jvQto_000030.mp4,[],none
BZU01hhyVKs_000480.mp4,[],none
QVpsAY9oR_4_000190.mp4,[],none
cVwrv5-V1gs_000016.mp4,[],none
tjqqCEt7A8c_000224.mp4,[],none
fuwbfvaUMAw_000211.mp4,[],none
-M6K3QoHh40_000030.mp4,[],none
tK_LmidEivQ_000212.mp4,"['playing trombone', 'playing piano', 'engine accelerating, revving, vroom', 'rowboat, canoe, kayak rowing', 'railroad car, train wagon', 'playing harp', 'police car (siren)', 'female speech, woman speaking', 'tap dancing', 'bird chirping, tweeting', 'fireworks banging', 'child speech, kid speaking', 'driving buses', 'helicopter', 'chainsawing trees', 'female singing', 'driving motorcycle', 'male singing', 'playing glockenspiel', 'playing harpsichord', 'chicken crowing', 'playing saxophone', 'race car, auto racing', 'playing tabla', 'playing violin, fiddle', 'singing bowl']","bird chirping, tweeting, chainsawing trees, chicken crowing, child speech, kid speaking, driving buses, driving motorcycle, engine accelerating, revving, vroom, female singing, female speech, woman speaking, fireworks banging, helicopter, rowboat, kayak rowing, singing bowl, tap dancing, playing tabla, playing glockenspiel, playing harpsichord, playing piano, playing saxophone, playing trombone, playing violin, fiddle, police car (siren), race car, auto racing, railroad car, train wagon, rowboat, canoe, kayak rowing, singing bowl, tap dancing, playing glockenspiel, playing harpsichord, playing piano, playing saxophone, playing trombone, playing violin, fiddle, police car (siren), race car, auto racing, railroad car, train wagon, rowboat, canoe, kayak rowing, singing bowl, tap dancing, playing glockenspiel, playing harpsichord, playing piano, playing saxophone, playing trombone, playing violin, fiddle, police car (siren), race car, auto racing, railroad car, train wagon, rowboat, canoe, kayak rowing, singing bowl, tap dancing, playing glockenspiel, playing harpsichord, playing piano, playing saxophone, playing trombone, playing violin, fiddle, police car (siren), race car, auto racing, railroad car, train wagon, rowboat, canoe, kayak rowing, singing bowl, tap dancing, playing glockenspiel, playing harpsichord, playing piano, playing saxophone, playing trombone, playing violin, fiddle, police car (siren), race car, auto racing, railroad car, train wagon, rowboat, canoe, kayak rowing, singing bowl, tap dancing, playing glockenspiel, playing harpsichord, playing piano, playing saxophone, playing trombone, playing violin, fiddle, police car (siren), race car, auto racing, railroad car, train wagon, rowboat, canoe, kayak row"
4kXW4Vds4xg_000030.mp4,[],none
9-8P2AsfmzU_000030.mp4,[],none
n-tBbgUkFxo_000021.mp4,[],none
3VfSV1vJydw_000191.mp4,[],none
MUJmWnjGEBk_000000.mp4,"['machine gun shooting', 'car engine knocking', 'skiing', 'tractor digging', 'engine accelerating, revving, vroom', 'railroad car, train wagon', 'vacuum cleaner cleaning floors', 'playing harp', 'female speech, woman speaking', 'tap dancing', 'bird chirping, tweeting', 'playing volleyball', 'child singing', 'fireworks banging', 'playing erhu', 'ocean burbling', 'civil defense siren', 'child speech, kid speaking', 'driving buses', 'helicopter', 'chainsawing trees', 'bowling impact', 'female singing', 'driving motorcycle', 'male singing', 'playing glockenspiel', 'people booing', 'playing harpsichord', 'chicken crowing', 'frog croaking', 'crow cawing', 'singing bowl', 'missile launch', 'playing snare drum']","birds chirping, tweeting, chainsawing trees, chicken crowing, child speech, kid speaking, driving buses, driving motorcycle, engine accelerating, revving, vroom, female singing, female speech, woman speaking, fireworks banging, helicopter, auto racing, railroad car, train wagon, kayak rowing, singing bowl, tap dancing, bird chirping, bird flushing, people booing, playing bowling, playing glockenspiel, playing harpsichord, frog croaking, vacuum cleaner cleaning floors, bird chirping, tweeting, chainsawing trees, chicken crowing, child speech, kid speaking, driving buses, driving motorcycle, engine accelerating, revving, vroom, female singing, female speech, woman speaking, fireworks banging, helicopter, auto racing, railroad car, train wagon, kayak rowing, singing bowl, tap dancing, bird chirping, child singing, crow cawing, playing volleyball, car engine knocking, playing snare drum, machine gun shooting, ocean burbling, skiing, civil defense siren, missile launch, playing erhu, tractor digging, bowling impact, auto racing, railroad car, train wagon, kayak rowing, singing bowl, tap dancing, bird chirping, frog croaking, vacuum cleaner cleaning floors, bird chirping, child singing, crow cawing, playing volleyball, car engine knocking, playing snare drum, machine gun shooting, ocean burbling, skiing, civil defense siren, missile launch, playing erhu, tractor digging, bowling impact, auto racing, railroad car, train wagon, kayak rowing, singing bowl, tap dancing, bird chirping, frog croaking, vacuum cleaner cleaning floors, bird chirping, frog croaking, skiing, civil defense siren, missile launch, playing erhu, tractor digging, bowling impact, auto racing, railroad car, train wagon, kayak rowing, singing bowl, tap dancing, bird chirping, frog croaking, vacuum cleaner cleaning floors, skiing, civil defense siren"
kLsZZrklCGw_000027.mp4,[],none
jgsr6_SIPUw_000031.mp4,[],none
AzcRIvaea7o_000030.mp4,[],none
FwnRxfcUHIE_000029.mp4,[],none
il1Jf4JAysQ_000029.mp4,[],none
4rk6hCR_PVk_000123.mp4,[],none
kTu8XtF-gzc_000057.mp4,[],none
caYu_xoFeF4_000040.mp4,[],none
3JYjNHFJfO4_000363.mp4,[],none
ePS2u0DXIMA_000010.mp4,[],none
RFbWkL818XQ_000030.mp4,[],none
2INpPpv4NRg_000560.mp4,[],none
ol06eXPnh2Q_000025.mp4,[],none
EUXUKCqUKyo_000005.mp4,[],none
d7-vdIhBo6c_000011.mp4,[],none
s4PCAzr_fdY_000286.mp4,[],none
Gp8F6AaP1OM_000053.mp4,[],none
Ggh5JPnDPNw_000070.mp4,[],none
hzcbx3uU3SI_000073.mp4,[],none
OkAT5LKBbIE_000190.mp4,[],none
rsOO65qFPv8_000380.mp4,[],none
2G4lyzAZ1vk_000030.mp4,[],none
Yn2KgQjK5R4_000200.mp4,[],none
m6zxg9yBcRE_000013.mp4,[],none
O-VVb8Ag49g_000040.mp4,[],none
JJYrTD7P1Ys_000183.mp4,[],none
gUNC_cONok8_000060.mp4,[],none
AMxnCzC33lo_000070.mp4,[],none
D7z57SPBpaU_000044.mp4,[],none
ZmCFKnBaTBw_000130.mp4,[],none
_xOa-Sw2UeY_000397.mp4,[],none
p_dE26TA8ig_000030.mp4,[],none
CgzmlbU6hsk_000030.mp4,[],none
DAbcAA6XbfE_000117.mp4,[],bird chirping
kYs6dijZaY8_000108.mp4,[],none
GxnUY0u8fY8_000030.mp4,[],none
yfcMvoqT0iM_000073.mp4,[],none
yc4mmvlO39M_000030.mp4,[],none
UUoEKp0yqLY_000120.mp4,[],none
y3kw_CanxUk_000169.mp4,"['machine gun shooting', 'car engine knocking', 'skiing', 'tractor digging', 'engine accelerating, revving, vroom', 'playing clarinet', 'playing harp', 'female speech, woman speaking', 'tap dancing', 'bird chirping, tweeting', 'playing volleyball', 'playing ukulele', 'child singing', 'fireworks banging', 'playing squash', 'playing erhu', 'playing vibraphone', 'ocean burbling', 'civil defense siren', 'child speech, kid speaking', 'driving buses', 'helicopter', 'chainsawing trees', 'bowling impact', 'playing hammond organ', 'female singing', 'vehicle horn, car horn, honking', 'driving motorcycle', 'male singing', 'playing glockenspiel', 'people booing', 'playing table tennis', 'playing harpsichord', 'chicken crowing', 'playing tabla', 'crow cawing', 'singing bowl', 'missile launch', 'playing snare drum']","bird chirping, tweeting, chainsawing trees, chicken crowing, child speech, kid speaking, driving buses, driving motorcycle, engine accelerating, revving, vroom, female singing, female speech, woman speaking, fireworks banging, helicopter, rowboat, kayak rowing, singing bowl, tap dancing, playing erhu, tractor digging, bowling impact, playing snare drum, machine gun shooting, ocean burbling, skiing, civil defense siren, missile launch, playing erhu, tractor digging, bowling impact, playing snare drum, machine gun shooting, vehicle horn, car horn, honking, people booing, playing clarinet, playing hammond organ, playing squash, playing table tennis, playing tabla, playing glockenspiel, playing harpsichord, playing ukulele, playing vibraphone, bird chirping, tweeting, chainsawing trees, chicken crowing, child singing, crow cawing, playing volleyball, car engine knocking, playing snare drum, machine gun shooting, vehicle horn, car horn, honking, people booing, playing clarinet, playing hammond organ, playing squash, playing table tennis, playing tabla, playing glockenspiel, playing ukulele, playing vibraphone, bird chirping, tweeting, chainsawing trees, chicken crowing, child singing, crow cawing, playing volleyball, car engine knocking, playing snare drum, machine gun shooting, vehicle horn, car horn, honking, people booing, playing clarinet, playing hammond organ, playing squash, playing table tennis, playing tabla, playing glockenspiel, playing ukulele, playing vibraphone, bird chirping, tweeting, chainsawing trees, chicken crowing, child singing, crow cawing, playing volleyball, car engine knocking, playing snare drum, machine gun shooting, vehicle horn, car horn, honking, people booing, playing clarinet, playing hammond organ, playing squash, playing table tennis, playing tabla, playing glockenspiel, playing ukulele, playing vibraphone, bird chirping, tweeting, chainsawing trees, chicken"
qPLJ0Gbu5D8_000013.mp4,"['child speech, kid speaking', 'driving buses', 'helicopter', 'chainsawing trees', 'chicken crowing', 'female speech, woman speaking', 'bird chirping, tweeting', 'female singing', 'fireworks banging', 'engine accelerating, revving, vroom', 'driving motorcycle', 'male singing']","bird chirping, tweeting, chainsawing trees, chicken crowing, child speech, kid speaking, driving buses, driving motorcycle, engine accelerating, revving, vroom, female singing, female speech, woman speaking, fireworks banging, helicopter, auto racing, railroad car, auto racing, railroad car, auto racing, railroad car, auto racing, railroad car, auto racing, railroad car, auto racing, railroad car, auto racing, railroad car, auto racing, railroad car, auto racing, railroad car, auto racing, railroad car, auto racing, railroad car, auto racing, railroad car, auto racing, railroad car, auto racing, railroad car, auto racing, railroad car, auto racing, railroad car, auto racing, railroad car, auto racing, railroad car, auto racing, railroad car, auto racing, railroad car, auto racing, railroad car, auto racing, railroad car, auto racing, railroad car, auto racing, railroad car, auto racing, railroad car, auto racing, railroad car, auto racing, railroad car, auto racing, railroad car, auto racing, railroad car, auto racing, railroad car, auto racing, railroad car, auto racing, railroad car, auto racing, railroad car, auto racing, railroad car, auto racing, railroad car, auto racing, railroad car, auto racing, railroad car, auto racing, railroad car, auto racing, railroad car, auto racing, railroad car, auto racing, railroad car, auto racing, railroad car, auto racing, railroad car, auto racing, railroad car, auto racing, railroad car, auto racing, railroad car, auto racing, railroad car, auto racing, railroad car, auto racing, railroad car, auto racing, railroad car, auto racing, railroad car, auto racing, railroad car, auto racing, railroad car, auto racing, railroad car, auto racing, railroad car, auto racing, railroad car, auto racing, railroad car, auto racing, railroad car, auto racing, railroad car, auto racing, railroad car, auto racing, railroad car, auto racing, railroad car, auto racing, railroad car, auto racing, railroad car, auto racing"
korCJgM6ex4_000054.mp4,[],none
q1SftfE_LF4_000028.mp4,[],none
bOtUES6eNxs_000010.mp4,[],none
qYKjgznlWUk_000278.mp4,[],none
G880gxjj9dI_000030.mp4,[],none
TeweFm49s4M_000090.mp4,[],none
8EYWMAUKRHU_000100.mp4,[],none
IHlgJYdUxKo_000030.mp4,[],none
bOOJRGRy0zc_000030.mp4,[],none
Y9pGt8ax3PA_000010.mp4,[],none
pNIN0FTNHTk_000190.mp4,[],none
2ZNKLUHeJtg_000030.mp4,[],none
zG2xJ0Q5QtI_000090.mp4,[],subscribe
MDotfX0EyFg_000110.mp4,[],none
GWlU-skSlAg_000100.mp4,[],none
4PYTtp78Ig0_000060.mp4,[],none
-HAoExLVs6Q_000380.mp4,[],none
gflvYpShFzo_000001.mp4,[],none
CljO1-A89-g_000030.mp4,[],none
Coxhwm4cDIQ_000494.mp4,[],none
78N2SP6JFaI_000000.mp4,[],none
bGlg8keKV_k_000002.mp4,[],none
DvAImxOHY0g_000006.mp4,[],none
1o_gJNHZBZs_000110.mp4,[],none
euXI2Bdq52g_000192.mp4,[],none
MKocTMZZnTs_000040.mp4,[],none
5bHACxteut8_000259.mp4,[],none
HgJaV3YXwnM_000030.mp4,[],none
JXmpEFLhr9E_000030.mp4,[],none
OPHQZIBdXo8_000023.mp4,[],none
_3t8P1eqyvo_000030.mp4,[],none
px6RnApJYgk_000040.mp4,[],none
ztTsKk1Fxgg_000041.mp4,[],none
o_ruuyYruBU_000127.mp4,[],none
e7Awkja4J04_000120.mp4,[],none
8je0jX-O_Eg_000040.mp4,[],none
3Liy9uBgsQM_000060.mp4,[],none
lqCx0HgF1ZM_000030.mp4,[],none
A4P0IgZQf90_000136.mp4,[],none
KkWAE8JyDgY_000042.mp4,[],none
6DwlcJyDyxc_000290.mp4,[],none
4M-KQ67k3uQ_000011.mp4,[],none
0KAeUAAoVnY_000186.mp4,"['machine gun shooting', 'car engine knocking', 'skiing', 'playing trombone', 'playing piano', 'tractor digging', 'airplane', 'railroad car, train wagon', 'playing harp', 'police car (siren)', 'tap dancing', 'child singing', 'airplane flyby', 'playing erhu', 'ocean burbling', 'civil defense siren', 'yodelling', 'bowling impact', 'scuba diving', 'playing glockenspiel', 'lions roaring', 'playing harpsichord', 'playing saxophone', 'chicken crowing', 'race car, auto racing', 'crow cawing', 'playing violin, fiddle', 'singing bowl', 'missile launch']","flying saucer, chicken crowing, child singing, crow cawing, car engine knocking, machine gun shooting, ocean burbling, skiing, civil defense siren, missile launch, playing erhu, tractor digging, bowling impact, airplane flyby, lions roaring, scuba diving, yodelling, playing glockenspiel, playing harpsichord, playing piano, playing saxophone, playing trombone, playing violin, fiddle, police car (siren), race car, auto racing, railroad car, train wagon, kayak rowing, singing bowl, tap dancing, bird chirping, bird howling, skiing, civil defense siren, missile launch, playing erhu, tractor digging, bowling impact, skiing, civil defense siren, missile launch, playing erhu, tractor digging, bowling impact, skiing, civil defense siren, missile launch, playing erhu, tractor digging, bowling impact, skiing, civil defense siren, missile launch, playing erhu, tractor digging, bowling impact, skiing, civil defense siren, missile launch, playing erhu, tractor digging, bowling impact, skiing, civil defense siren, missile launch, playing erhu, tractor digging, bowling impact, skiing, civil defense siren, missile launch, playing erhu, tractor digging, bowling impact, skiing, civil defense siren, missile launch, playing erhu, tractor digging, bowling impact, skiing, civil defense siren, missile launch, playing erhu, tractor digging, bowling impact, skiing, civil defense siren, missile launch, playing erhu, tractor digging, bowling impact, skiing, civil defense siren, missile launch, playing erhu, tractor digging, bowling impact, skiing, civil defense siren, missile launch, playing erhu, tractor digging, bowling impact, skiing, civil defense siren, missile launch, playing erhu, tractor digging, bowling impact, skiing, civil defense siren, missile launch, playing erhu, tractor digging, bowling impact, skiing, civil defense siren, missile launch, playing"
kLtAyepYMZ4_000010.mp4,[],none
5MMIZJ0zCZk_000030.mp4,[],none
C0p_h5307Mg_000000.mp4,[],none
VSxoWInFsIA_000030.mp4,[],none
DkhdvvtvwTE_000020.mp4,[],none
n-eMAdCZnNI_000030.mp4,[],none
mpXv8WKFHRc_000435.mp4,"['tractor digging', 'engine accelerating, revving, vroom', 'playing clarinet', 'electric shaver, electric razor shaving', 'female speech, woman speaking', 'tap dancing', 'bird chirping, tweeting', 'playing ukulele', 'fireworks banging', 'playing squash', 'playing erhu', 'playing vibraphone', 'child speech, kid speaking', 'driving buses', 'helicopter', 'chainsawing trees', 'bowling impact', 'playing hammond organ', 'female singing', 'playing bongo', 'driving motorcycle', 'male singing', 'playing glockenspiel', 'people booing', 'people sniggering', 'playing table tennis', 'chicken crowing', 'playing synthesizer', 'skidding', 'singing bowl']","bird chirping, tweeting, chainsawing trees, chicken crowing, child speech, kid speaking, driving buses, driving motorcycle, engine accelerating, revving, vroom, female singing, female speech, woman speaking, fireworks banging, helicopter, rowboat, kayak rowing, singing bowl, tap dancing, boogie boarding, playing glockenspiel, electric shaver, electric razor shaving, playing erhu, tractor digging, bowling impact, playing bongo, skidding, playing synthesizer, electric shaver, electric razor shaving, playing ukulele, skidding, playing vibraphone, people booing, playing clarinet, playing hammond organ, playing squash, playing table tennis, playing bongo, skidding, playing synthesizer, electric shaver, electric razor shaving, playing ukulele, skidding, playing vibraphone, people sniggering, playing bongo, skidding, playing synthesizer, electric shaver, electric razor shaving, playing ukulele, skidding, playing vibraphone, people booing, playing synthesizer, electric shaver, electric razor shaving, playing ukulele, skidding, playing synthesizer, electric shaver, electric razor shaving, playing ukulele, skidding, playing vibraphone, people booing, playing synthesizer, electric shaver, electric razor shaving, playing ukulele, skidding, playing synthesizer, electric shaver, electric razor shaving, playing ukulele, skidding, playing vibraphone, people booing, playing synthesizer, electric shaver, electric razor shaving, playing ukulele, skidding, playing synthesizer, electric shaver, electric razor shaving, playing ukulele, skidding, playing vibraphone, people booing, playing synthesizer, electric shaver, electric razor shaving, playing ukulele, skidding, playing synthesizer, electric shaver, electric razor shaving, playing ukulele, skidding, playing vibraphone, people booing, playing synthesizer, electric shaver, electric razor shaving"
RF8fPkV9HNc_000010.mp4,[],none
2jpLS2TQjlI_000000.mp4,"['skateboarding', 'bowling impact']","bowling impact, skateboarding, bicycle riding, tennis, bowling, auto racing, skateboarding, tennis, bowling, auto racing, skateboarding, tennis, bowling, auto racing, skateboarding, tennis, bowling, auto racing, skateboarding, tennis, bowling, auto racing, skateboarding, tennis, bowling, auto racing, skateboarding, tennis, bowling, auto racing, skateboarding, tennis, bowling, auto racing, skateboarding, tennis, bowling, auto racing, skateboarding, tennis, bowling, auto racing, skateboarding, tennis, bowling, auto racing, skateboarding, tennis, bowling, auto racing, skateboarding, tennis, bowling, auto racing, skateboarding, tennis, bowling, auto racing, skateboarding, tennis, bowling, auto racing, skateboarding, tennis, bowling, auto racing, skateboarding, tennis, bowling, auto racing, skateboarding, tennis, bowling, auto racing, skateboarding, tennis, bowling, auto racing, skateboarding, tennis, bowling, auto racing, skateboarding, tennis, bowling, auto racing, skateboarding, tennis, bowling, auto racing, skateboarding, tennis, bowling, auto racing, skateboarding, tennis, bowling, auto racing, skateboarding, tennis, bowling, auto racing, skateboarding, tennis, bowling, auto racing, skateboarding, tennis, bowling, auto racing, skateboarding, tennis, bowling, auto racing, skateboarding, tennis, bowling, auto racing, skateboarding, tennis, bowling, auto racing, skateboarding, tennis, bowling, auto racing, skateboarding, tennis, bowling, auto racing, skateboarding, tennis, bowling, auto racing, skateboarding, tennis, bowling, auto racing, skateboarding, tennis, bowling, auto racing, skateboarding, tennis, bowling, auto racing, skateboarding, tennis, bowling, auto racing, skateboarding, tennis, bowling, auto racing, skateboarding, tennis, bow"
MasEB_CwVoI_000175.mp4,[],none
253aGgk7NSE_000010.mp4,[],none
B8prYj0sbgw_000000.mp4,[],none
W8XlZWqklbY_000200.mp4,[],none
vnvMxxgYlgo_000200.mp4,[],none
b2yU1j1P7n4_000058.mp4,[],none
0ut4if4B6zM_000056.mp4,[],none
djJ4ETLTBWE_000090.mp4,[],none
8ewn7JCJbEM_000030.mp4,[],none
mFI667MN3NY_000030.mp4,[],none
znKsInR4DN0_000183.mp4,[],none
DSnhM5tKZSQ_000000.mp4,[],none
WEybCL_yQ8k_000138.mp4,[],none
Jcz09Kj0nAY_000490.mp4,[],none
N0eKjpEcyH4_000000.mp4,"['child speech, kid speaking', 'driving buses', 'helicopter', 'chainsawing trees', 'chicken crowing', 'female speech, woman speaking', 'bird chirping, tweeting', 'female singing', 'fireworks banging', 'engine accelerating, revving, vroom', 'driving motorcycle', 'male singing']","bird chirping, tweeting, chainsawing trees, chicken crowing, child speech, kid speaking, driving buses, driving motorcycle, engine accelerating, revving, vroom, female singing, female speech, woman speaking, fireworks banging, helicopter, auto racing, railroad car, auto racing, railroad car, auto racing, railroad car, auto racing, railroad car, auto racing, railroad car, auto racing, railroad car, auto racing, railroad car, auto racing, railroad car, auto racing, railroad car, auto racing, railroad car, auto racing, railroad car, auto racing, railroad car, auto racing, railroad car, auto racing, railroad car, auto racing, railroad car, auto racing, railroad car, auto racing, railroad car, auto racing, railroad car, auto racing, railroad car, auto racing, railroad car, auto racing, railroad car, auto racing, railroad car, auto racing, railroad car, auto racing, railroad car, auto racing, railroad car, auto racing, railroad car, auto racing, railroad car, auto racing, railroad car, auto racing, railroad car, auto racing, railroad car, auto racing, railroad car, auto racing, railroad car, auto racing, railroad car, auto racing, railroad car, auto racing, railroad car, auto racing, railroad car, auto racing, railroad car, auto racing, railroad car, auto racing, railroad car, auto racing, railroad car, auto racing, railroad car, auto racing, railroad car, auto racing, railroad car, auto racing, railroad car, auto racing, railroad car, auto racing, railroad car, auto racing, railroad car, auto racing, railroad car, auto racing, railroad car, auto racing, railroad car, auto racing, railroad car, auto racing, railroad car, auto racing, railroad car, auto racing, railroad car, auto racing, railroad car, auto racing, railroad car, auto racing, railroad car, auto racing, railroad car, auto racing, railroad car, auto racing, railroad car, auto racing, railroad car, auto racing, railroad car, auto racing, railroad car, auto racing, railroad car, auto racing"
AR6GMOzCjRE_000190.mp4,[],none
dEuEtrdRX9o_000030.mp4,[],none
1MgcrYdYas0_000030.mp4,[],none
eu_Ehoag0Vg_000244.mp4,[],none
kUR6_bQLU-E_000154.mp4,[],none
VR3BEMxNhz8_000030.mp4,[],none
l1NjISbLXY8_000017.mp4,[],none
DaiRHQA9CW0_000030.mp4,[],none
Ih3hZZRw9Fg_000146.mp4,[],none
gRDt262JpQQ_000080.mp4,[],none
j5SIt_cHb38_000060.mp4,[],none
R3ykwo65XIQ_000560.mp4,[],none
BXfE7YV-KrY_000030.mp4,[],none
oVd-PG3vmQo_000013.mp4,[],none
y4T4YGZKamk_000240.mp4,[],none
0E6KS8B6DMc_000540.mp4,[],none
_0m_YMpQayA_000168.mp4,[],none (n/a)
cIjZv7BPYew_000009.mp4,[],none
iG0P6bjyUNI_000070.mp4,[],none
Fr6WH57YHxM_000070.mp4,[],none
9Ijpv6e57a4_000030.mp4,[],none
0OH28bnOdEE_000058.mp4,[],none
eVhGXZQx-t8_000036.mp4,[],none
KWCQUZQ9D-Q_000030.mp4,[],none
1z96Z0DSNlM_000004.mp4,[],none
TGJje4EKoKM_000030.mp4,[],none
naR97KBQ4y0_000030.mp4,[],none
-YfaQljuwwA_000030.mp4,[],none
BWD6kurQFNg_000030.mp4,[],none
PE4du0Qz_EI_000030.mp4,[],none
kYXS4eqiMyA_000507.mp4,"['machine gun shooting', 'car engine knocking', 'motorboat, speedboat acceleration', 'playing didgeridoo', 'playing banjo', 'playing trombone', 'playing piano', 'tractor digging', 'engine accelerating, revving, vroom', 'airplane', 'playing bass guitar', 'playing bassoon', 'male speech, man speaking', 'pigeon, dove cooing', 'playing harp', 'female speech, woman speaking', 'playing volleyball', 'playing ukulele', 'child singing', 'fireworks banging', 'airplane flyby', 'playing accordion', 'playing erhu', 'playing vibraphone', 'ocean burbling', 'playing flute', 'child speech, kid speaking', 'driving buses', 'helicopter', 'people crowd', 'yodelling', 'chainsawing trees', 'playing cello', 'bowling impact', 'scuba diving', 'female singing', 'playing marimba, xylophone', 'playing drum kit', 'driving motorcycle', 'male singing', 'playing glockenspiel', 'people booing', 'orchestra', 'lions roaring', 'playing harpsichord', 'chicken crowing', 'playing saxophone', 'skidding', 'crow cawing', 'playing electric guitar']","birds chirping, tweeting, chainsawing trees, chicken crowing, child speech, kid speaking, driving buses, driving motorcycle, engine accelerating, revving, vroom, female singing, female speech, woman speaking, fireworks banging, helicopter, male singing, male speech, man speaking, motorboat, speedboat acceleration, orchestra, people booing, people crowd, pigeon, dove cooing, playing accordion, playing banjo, playing bass guitar, playing bassoon, playing cello, playing didgeridoo, playing drum kit, playing electric guitar, playing flute, playing harp, playing marimba, xylophone, playing piano, playing saxophone, playing trombone, playing piano, playing saxophone, playing bassoon, playing glockenspiel, playing harpsichord, playing ukulele, playing vibraphone, playing mynah bird, playing bird chirping, bird chirping, bird cawing, child singing, crow cawing, playing volleyball, car engine knocking, machine gun shooting, ocean burbling, skidding, airplane flyby, lions roaring, scuba diving, yodelling, playing erhu, tractor digging, bowling impact, airplane flyby, lions roaring, scuba diving, yodelling, playing erhu, tractor digging, bowling impact, airplane flyby, lions roaring, scuba diving, yodelling, playing erhu, tractor digging, bowling impact, airplane flyby, lions roaring, scuba diving, yodelling, playing erhu, tractor digging, bowling impact, airplane flyby, lions roaring, scuba diving, yodelling, playing erhu, tractor digging, bowling impact, airplane flyby, lions roaring, scuba diving, yodelling, playing erhu, tractor digging, bowling impact, airplane flyby, lions roaring, scuba diving, yodelling, playing erhu, tractor digging, bowling impact, airplane flyby, lions roaring, scuba diving, yodelling, playing erhu, tractor digging, bowling impact, airplane fly"
AKjcrEsYykE_000340.mp4,[],none
K3dENGPyIqc_000050.mp4,[],none
xC01ty1ngVQ_000002.mp4,[],none
Ta6H02Kf6ws_000150.mp4,[],none
WLPj0LIokkM_000020.mp4,[],none
DA2QCyip6mY_000618.mp4,"['skateboarding', 'bowling impact']","singing, bowling impact, skateboarding, auto racing, skateboarding, bowling, wheeling, wheeling and dealing, wheeling and dealing, wheeling and dealing, wheeling and dealing, wheeling and dealing, wheeling and dealing, wheeling and dealing, wheeling and dealing, wheeling and dealing, wheeling and dealing, wheeling and dealing, wheeling and dealing, wheeling and dealing, wheeling and dealing, wheeling and dealing, wheeling and dealing, wheeling and dealing, wheeling and dealing, wheeling and dealing, wheeling and dealing, wheeling and dealing, wheeling and dealing, wheeling and dealing, wheeling and dealing, wheeling and dealing, wheeling and dealing, wheeling and dealing, wheeling and dealing, wheeling and dealing, wheeling and dealing, wheeling and dealing, wheeling and dealing, wheeling and dealing, wheeling and dealing, wheeling and dealing, wheeling and dealing, wheeling and dealing, wheeling and dealing, wheeling and dealing, wheeling and dealing, wheeling and dealing, wheeling and dealing, wheeling and dealing, wheeling and dealing, wheeling and dealing, wheeling and dealing, wheeling and dealing, wheeling and dealing, wheeling and dealing, wheeling and dealing, wheeling and dealing, wheeling and dealing, wheeling and dealing, wheeling and dealing, wheeling and dealing, wheeling and dealing, wheeling and dealing, wheeling and dealing, wheeling and dealing, wheeling and dealing, wheeling and dealing, wheeling and dealing, wheeling and dealing, wheeling and dealing, wheeling and dealing, wheeling and dealing, wheeling and dealing, wheeling and dealing, wheeling and dealing, wheeling and dealing, wheeling and dealing, wheeling and dealing, wheeling and dealing, wheeling and dealing, wheeling and dealing, wheeling and dealing, wheeling and dealing, wheeling and dealing, wheeling and dealing, wheeling and dealing, wheeling and dealing, wheeling and dealing, wheeling and dealing, wheeling and dealing, wheeling and dealing, wheeling and dealing, wheeling and dealing, wheeling and dealing, wheeling and dealing, wheeling and dealing, wheeling and dealing, wheeling and dealing, wheeling and dealing, wheeling and dealing, wheeling and dealing, wheeling and dealing, wheeling and dealing, wheel"
MfX7Q0ucts8_000030.mp4,[],none
kwsgIBkX-3k_000300.mp4,[],none
2D7jgszuoKA_000512.mp4,[],none
JnXpTkm3nlc_000006.mp4,[],none
Ydz4uQX5_ow_000023.mp4,[],none
td_zqOBT6ac_000079.mp4,[],none
RJSOdjarLtk_000044.mp4,[],none
Z7yFCSsIm8w_000070.mp4,[],none
PovPsoVl7hw_000006.mp4,"['machine gun shooting', 'car engine knocking', 'skiing', 'police radio chatter', 'dog howling', 'people clapping', 'skateboarding', 'tractor digging', 'engine accelerating, revving, vroom', 'pheasant crowing', 'playing bagpipes', 'airplane', 'electric shaver, electric razor shaving', 'cap gun shooting', 'female speech, woman speaking', 'playing volleyball', 'playing ukulele', 'child singing', 'fireworks banging', 'airplane flyby', 'playing erhu', 'playing vibraphone', 'ocean burbling', 'civil defense siren', 'child speech, kid speaking', 'driving buses', 'helicopter', 'arc welding', 'yodelling', 'chainsawing trees', 'bowling impact', 'wind noise', 'scuba diving', 'female singing', 'playing bongo', 'driving motorcycle', 'male singing', 'lions roaring', 'chicken crowing', 'playing synthesizer', 'fire truck siren', 'skidding', 'crow cawing', 'playing steel guitar, slide guitar', 'missile launch']","playing bagpipes, fire truck siren, police car siren, fireworks banging, chainsawing trees, chicken crowing, child speech, kid speaking, driving buses, driving motorcycle, engine accelerating, revving, vroom, female singing, female speech, woman speaking, fireworks banging, helicopter, car engine knocking, machine gun shooting, ocean burbling, skiing, civil defense siren, missile launch, playing erhu, tractor digging, bowling impact, airplane flyby, lions roaring, scuba diving, yodelling, playing bagpipes, fire truck siren, police radio chatter, pheasant crowing, arc welding, dog howling, playing steel guitar, slide guitar, wind noise, playing bongo, playing synthesizer, electric shaver, electric razor shaving, playing ukulele, skidding, cap gun shooting, people clapping, playing vibraphone, mynah bird, playing bagpipes, fireworks banging, chainsawing trees, chicken crowing, child singing, crow cawing, playing volleyball, car engine knocking, machine gun shooting, ocean burbling, skiing, civil defense siren, missile launch, playing erhu, tractor digging, bowling impact, airplane flyby, lions roaring, scuba diving, yodelling, playing bagpipes, fire truck siren, police radio chatter, pheasant crowing, arc welding, dog howling, playing steel guitar, slide guitar, wind noise, playing bongo, skateboarding, playing synthesizer, electric shaver, electric razor shaving, playing ukulele, skidding, cap gun shooting, people clapping, playing vibraphone, mynah bird, playing bagpipes, fire truck siren, police radio chatter, pheasant crowing, car engine knocking, machine gun shooting, ocean burbling, skiing, civil defense siren, missile launch, playing erhu, tractor digging, bowling impact, airplane flyby, lions roaring, scuba diving, yodelling, playing bagpipes, fire truck siren, police radio chatter, pheasant crowing, car engine knocking, machine gun shooting, ocean"
O30HsIQEeXc_000270.mp4,[],none
w_z9oSn-eIM_000280.mp4,[],none
1veIcvGPRYw_000003.mp4,[],none
OCTGiPOygds_000030.mp4,[],none
60AkV1YbZlU_000006.mp4,[],none
PaZ4aVEsPsE_000019.mp4,[],none
T-SCw4PMUYI_000490.mp4,[],none
mVUNo3EwTYo_000188.mp4,[],none
4E5pTaX0G5M_000372.mp4,[],none
UKgZCUgOSfo_000062.mp4,[],none
JXZuAd9Lgew_000020.mp4,[],none
M2ItM1UNiyU_000325.mp4,"['machine gun shooting', 'car engine knocking', 'playing theremin', 'skiing', 'playing didgeridoo', 'playing banjo', 'playing trombone', 'playing piano', 'engine accelerating, revving, vroom', 'playing bass guitar', 'playing bassoon', 'pigeon, dove cooing', 'playing harp', 'female speech, woman speaking', 'playing cymbal', 'bird chirping, tweeting', 'playing volleyball', 'child singing', 'fireworks banging', 'playing accordion', 'playing vibraphone', 'ocean burbling', 'civil defense siren', 'playing flute', 'child speech, kid speaking', 'driving buses', 'helicopter', 'people crowd', 'chainsawing trees', 'playing cello', 'female singing', 'playing marimba, xylophone', 'playing bongo', 'playing drum kit', 'driving motorcycle', 'male singing', 'playing glockenspiel', 'people booing', 'orchestra', 'playing harpsichord', 'chicken crowing', 'playing saxophone', 'crow cawing', 'playing electric guitar', 'missile launch', 'playing snare drum']","none (n/a), bird chirping, tweeting, chainsawing trees, chicken crowing, child speech, kid speaking, driving buses, driving motorcycle, engine accelerating, revving, vroom, female singing, female speech, woman speaking, fireworks banging, helicopter, auto racing, railroad car, auto racing, track car, track bike, track bike speed, track bike acceleration, orchestra, people booing, people crowd, pigeon, dove cooing, playing accordion, playing banjo, playing bass guitar, playing bassoon, playing cello, playing didgeridoo, playing drum kit, playing electric guitar, playing flute, playing harp, playing marimba, xylophone, playing piano, playing saxophone, playing trombone, playing guitar, playing glockenspiel, playing harpsichord, playing piano, playing saxophone, playing piano, playing saxophone, playing vibraphone, playing mynah bird, playing bird chirping, tweeting, chainsawing trees, chicken crowing, child speech, kid speaking, driving buses, driving motorcycle, engine accelerating, revving, vroom, female singing, female speech, woman speaking, fireworks banging, track bike, track bike speed, track bike acceleration, orchestra, people booing, people crowd, pigeon, dove cooing, playing accordion, playing banjo, playing bass guitar, playing bassoon, playing cello, playing cymbal, playing didgeridoo, playing drum kit, playing electric guitar, playing flute, playing harpsichord, playing piano, playing saxophone, playing trombone, playing guitar, playing bongo, playing theremin, playing arpeggio, playing fretless guitar, playing bass, playing glockenspiel, playing harpsichord, playing piano, playing saxophone, playing piano, playing saxophone, playing vibraphone, playing mynah bird, playing bird chirping, tweeting, chainsawing trees, chicken crowing, child singing, crow cawing, playing volleyball, car engine knocking, playing snare drum, machine gun shooting, ocean burbling, skiing, civil defense siren, missile launch, playing er"
fXGErRbyv6M_000079.mp4,[],none
I9DXY3uVflY_000119.mp4,[],none
kuNDPraGm58_000004.mp4,"['motorboat, speedboat acceleration', 'playing didgeridoo', 'playing banjo', 'playing trombone', 'playing piano', 'engine accelerating, revving, vroom', 'playing bass guitar', 'playing bassoon', 'male speech, man speaking', 'pigeon, dove cooing', 'playing harp', 'female speech, woman speaking', 'playing cymbal', 'bird chirping, tweeting', 'fireworks banging', 'playing accordion', 'playing flute', 'child speech, kid speaking', 'driving buses', 'helicopter', 'people crowd', 'chainsawing trees', 'playing cello', 'female singing', 'playing marimba, xylophone', 'playing drum kit', 'driving motorcycle', 'male singing', 'people booing', 'orchestra', 'chicken crowing', 'playing saxophone', 'playing electric guitar']","bird chirping, tweeting, chainsawing trees, chicken crowing, child speech, kid speaking, driving buses, driving motorcycle, engine accelerating, revving, vroom, female singing, female speech, woman speaking, fireworks banging, helicopter, male singing, male speech, man speaking, motorboat, speedboat acceleration, orchestra, people booing, people crowd, pigeon, dove cooing, playing accordion, playing banjo, playing bass guitar, playing bassoon, playing cello, playing didgeridoo, playing drum kit, playing electric guitar, playing flute, playing harp, playing marimba, xylophone, playing piano, playing saxophone, playing trombone, playing guitar, playing bass guitar, playing bassoon, playing cello, playing cymbal, playing didgeridoo, playing drum kit, playing electric guitar, playing flute, playing harp, playing marimba, xylophone, playing piano, playing saxophone, playing trombone, playing guitar, playing bass guitar, playing cello, playing cymbal, playing didgeridoo, playing drum kit, playing electric guitar, playing flute, playing harp, playing marimba, xylophone, playing piano, playing saxophone, playing trombone, playing guitar, playing bass guitar, playing cello, playing cymbal, playing didgeridoo, playing drum kit, playing electric guitar, playing flute, playing harp, playing marimba, xylophone, playing piano, playing saxophone, playing trombone, playing guitar, playing bass guitar, playing cello, playing cymbal, playing didgeridoo, playing drum kit, playing electric guitar, playing flute, playing harp, playing marimba, xylophone, playing piano, playing saxophone, playing guitar, playing bass guitar, playing cello, playing cymbal, playing didgeridoo, playing flute, playing guitar, playing bass guitar, playing cello, playing marimba, xylophone, playing piano, playing saxophone, playing guitar, playing bass guitar, playing cello, playing cymbal, playing didgeridoo, playing flute, playing guitar, playing bass guitar, playing cello, playing marimba, x"
U9oonzVSTtY_000056.mp4,[],none
yosIoc4WCsM_000031.mp4,[],none
3T7FYQRx0YM_000054.mp4,[],none (n/a)
1ZwVoNUvaAE_000000.mp4,[],none
XzqUa_35-xs_000002.mp4,[],none
fIer0uCLqSM_000030.mp4,[],none
zSMmaftkVX8_000380.mp4,[],none
1JY4rwQZn3s_000011.mp4,[],none
E6_602iIrgY_000561.mp4,[],none
GxTD3hqJoM0_000146.mp4,[],none
5DjZHCumLfs_000011.mp4,[],none
lwTJnSlhz-Q_000417.mp4,[],none
XQbgV10IpoM_000170.mp4,[],none
_YvpqyURFTM_000023.mp4,[],none
YBd5lEnpT_8_000000.mp4,[],none
Qg0JO6CT8Ik_000127.mp4,[],none
SAcpESN_Fk4_000089.mp4,[],none
GC1ajVlK-ek_000050.mp4,[],none
Jre2f0ixPnU_000027.mp4,[],none
s_8Mu0lIyFg_000104.mp4,[],none
8B3FjLzkdPA_000020.mp4,[],none
um-biLfru-c_000040.mp4,[],none
3zcm-TZ5s1Y_000377.mp4,[],none
SSor5MN-QJM_000056.mp4,[],none
ncJgdczUs_8_000000.mp4,[],none
eW0xSVw2gXc_000290.mp4,[],none
9jrTswHdg4I_000290.mp4,[],none
rR39rDVGPXk_000166.mp4,[],none
RjzKZrdgmlA_000030.mp4,[],none
ECVzhzOC5Q0_000030.mp4,[],none
ZtxAGRDyw-I_000060.mp4,[],none
lpkrkwIVJLc_000053.mp4,[],none
5gFmWJBNd9o_000560.mp4,[],none
xHPKvUzFmrA_000092.mp4,[],none
zwBmiXviAAM_000202.mp4,"['playing didgeridoo', 'playing banjo', 'playing trombone', 'playing piano', 'engine accelerating, revving, vroom', 'playing clarinet', 'playing bass guitar', 'playing bassoon', 'pigeon, dove cooing', 'playing harp', 'female speech, woman speaking', 'playing cymbal', 'bird chirping, tweeting', 'fireworks banging', 'playing accordion', 'playing vibraphone', 'playing flute', 'child speech, kid speaking', 'driving buses', 'helicopter', 'people crowd', 'chainsawing trees', 'playing cello', 'female singing', 'vehicle horn, car horn, honking', 'playing marimba, xylophone', 'playing drum kit', 'driving motorcycle', 'male singing', 'people booing', 'chicken crowing', 'playing saxophone', 'playing electric guitar']","bird chirping, tweeting, chainsawing trees, chicken crowing, child speech, kid speaking, driving buses, driving motorcycle, engine accelerating, revving, vroom, female singing, female speech, woman speaking, fireworks banging, helicopter, vehicle horn, car horn, honking, people booing, people crowd, pigeon, dove cooing, playing accordion, playing banjo, playing bass guitar, playing bassoon, playing cello, playing cymbal, playing didgeridoo, playing drum kit, playing electric guitar, playing flute, playing harp, playing marimba, xylophone, playing piano, playing saxophone, playing trombone, playing vibraphone, playing bass guitar, playing bassoon, playing cello, playing cymbal, playing didgeridoo, playing drum kit, playing electric guitar, playing flute, playing harp, playing marimba, xylophone, playing piano, playing saxophone, playing trombone, playing vibraphone, honking, people booing, playing clarinet, playing bass guitar, playing bassoon, playing cello, playing cymbal, playing didgeridoo, playing drum kit, playing electric guitar, playing flute, playing harp, playing marimba, xylophone, playing piano, playing saxophone, playing trombone, playing vibraphone, honking, people booing, playing clarinet, playing bass guitar, playing bassoon, playing cello, playing cymbal, playing didgeridoo, playing drum kit, playing electric guitar, playing flute, playing harp, playing marimba, xylophone, playing piano, playing saxophone, playing trombone, playing vibraphone, honking, people booing, playing clarinet, playing bass guitar, playing bassoon, playing cello, playing cymbal, playing didgeridoo, playing drum kit, playing electric guitar, playing flute, playing harp, playing marimba, xylophone, playing piano, playing saxophone, playing trombone, playing vibraphone, honking, people booing, playing clarinet, playing bass guitar, playing bassoon, playing cello, playing cymbal, playing didgeridoo,"
Js0qEfM_bpE_000134.mp4,[],none
XJzWnBLIXQk_000099.mp4,[],none
e53eD7dpQi0_000030.mp4,[],none
yzvEwiMw7Hk_000135.mp4,[],none
xBa0uehB4H8_000000.mp4,[],none
bJwLvaMole4_000061.mp4,[],none
HCnJrkCqimQ_000000.mp4,"['machine gun shooting', 'car engine knocking', 'playing theremin', 'skiing', 'playing trombone', 'people clapping', 'playing piano', 'skateboarding', 'tractor digging', 'engine accelerating, revving, vroom', 'playing clarinet', 'pheasant crowing', 'railroad car, train wagon', 'pigeon, dove cooing', 'electric shaver, electric razor shaving', 'playing harp', 'police car (siren)', 'cap gun shooting', 'female speech, woman speaking', 'tap dancing', 'bird chirping, tweeting', 'playing volleyball', 'playing ukulele', 'fireworks banging', 'playing squash', 'playing erhu', 'ocean burbling', 'civil defense siren', 'child speech, kid speaking', 'driving buses', 'helicopter', 'people crowd', 'chainsawing trees', 'bowling impact', 'wind noise', 'playing hammond organ', 'female singing', 'playing bongo', 'driving motorcycle', 'male singing', 'playing glockenspiel', 'people booing', 'playing badminton', 'orchestra', 'playing table tennis', 'playing harpsichord', 'chicken crowing', 'playing saxophone', 'race car, auto racing', 'playing tabla', 'playing synthesizer', 'skidding', 'playing violin, fiddle', 'playing steel guitar, slide guitar', 'singing bowl', 'missile launch', 'playing snare drum']","bird chirping, tweeting, chainsawing trees, chicken crowing, child speech, kid speaking, driving buses, driving motorcycle, engine accelerating, revving, vroom, female singing, female speech, woman speaking, fireworks banging, helicopter, speedboat acceleration, orchestra, people booing, people crowd, pigeon, dove cooing, playing glockenspiel, playing harpsichord, playing piano, playing saxophone, playing trombone, playing violin, fiddle, police car (siren), race car, auto racing, railroad car, train wagon, rowboat, kayak rowing, singing bowl, tap dancing, playing theremin, playing badminton, playing volleyball, car engine knocking, playing snare drum, machine gun shooting, ocean burbling, skiing, civil defense siren, missile launch, playing erhu, tractor digging, bowling impact, speedboat acceleration, orchestra, people booing, playing clarinet, playing hammond organ, playing squash, playing table tennis, playing tabla, playing glockenspiel, playing harpsichord, playing trombone, playing violin, fiddle, police car (siren), race car, auto racing, railroad car, train wagon, rowboat, kayak rowing, singing bowl, tap dancing, playing ukulele, skidding, cap gun shooting, pheasant crowing, playing steel guitar, slide guitar, wind noise, playing bongo, skateboarding, playing synthesizer, electric shaver, electric razor shaving, playing ukulele, skidding, people clapping, playing steel guitar, slide guitar, wind noise, playing bongo, skateboarding, playing synthesizer, electric shaver, electric razor shaving, playing ukulele, skidding, cap gun shooting, pheasant crowing, playing synthesizer, electric shaver, electric razor shaving, playing ukulele, skidding, people clapping, playing synthesizer, electric shaver, electric razor shaving, playing ukulele, skidding, car engine knocking, playing snare drum, machine gun shooting, ocean burbling, skiing, civil defense siren, missile launch, playing"
V88sUJKgOsk_000034.mp4,[],none
0q6GOUn_dhU_000066.mp4,[],none
nsgI3a1ZodQ_000014.mp4,[],none
JQwirnKysXI_000030.mp4,[],none
MaEBVhSzJCg_000003.mp4,[],none
EhhmtF1viOo_000076.mp4,[],none
D30UC-C-lIs_000029.mp4,[],none
I9auMdqQlmY_000030.mp4,[],none
bGiOkcjz3oA_000012.mp4,[],none
CEzyxkUbG9A_000030.mp4,[],none (siren not visible)
8u61Rjy5IJM_000004.mp4,"['motorboat, speedboat acceleration', 'dog howling', 'playing didgeridoo', 'playing trombone', 'playing piano', 'engine accelerating, revving, vroom', 'playing clarinet', 'railroad car, train wagon', 'playing harp', 'police car (siren)', 'female speech, woman speaking', 'playing cymbal', 'tap dancing', 'child singing', 'fireworks banging', 'playing flute', 'driving buses', 'helicopter', 'playing cello', 'female singing', 'playing marimba, xylophone', 'playing bongo', 'sailing', 'playing drum kit', 'driving motorcycle', 'male singing', 'people booing', 'orchestra', 'playing saxophone', 'race car, auto racing', 'crow cawing', 'playing violin, fiddle', 'singing bowl', 'playing electric guitar']","singing, kayaking, rowboat, canoe, sailing, dog howling, playing bongo, fireworks banging, motorboat, speedboat acceleration, orchestra, child singing, crow cawing, driving buses, driving motorcycle, engine accelerating, revving, vroom, female singing, female speech, woman speaking, fireworks banging, helicopter, car horn, honking, people booing, playing clarinet, playing cello, playing cymbal, playing didgeridoo, playing drum kit, playing electric guitar, playing flute, playing harp, playing marimba, xylophone, playing piano, playing saxophone, playing trombone, playing violin, fiddle, police car (siren), race car, auto racing, railroad car, train wagon, rowboat, canoe, kayaking, singing bowl, tap dancing, bird howling, bird chirping, bird flapping, bird flapping, bird flapping, bird flapping, bird flapping, bird flapping, bird flapping, bird flapping, bird flapping, bird flapping, bird flapping, bird flapping, bird flapping, bird flapping, bird flapping, bird flapping, bird flapping, bird flapping, bird flapping, bird flapping, bird flapping, bird flapping, bird flapping, bird flapping, bird flapping, bird flapping, bird flapping, bird flapping, bird flapping, bird flapping, bird flapping, bird flapping, bird flapping, bird flapping, bird flapping, bird flapping, bird flapping, bird flapping, bird flapping, bird flapping, bird flapping, bird flapping, bird flapping, bird flapping, bird flapping, bird flapping, bird flapping, bird flapping, bird flapping, bird flapping, bird flapping, bird flapping, bird flapping, bird flapping, bird flapping, bird flapping, bird flapping, bird flapping, bird flapping, bird flapping, bird flapping, bird flapping, bird flapping, bird flapping, bird flapping, bird flapping, bird flapping, bird flapping, bird flapping, bird flapping, bird flapping, bird flapping, bird flapping, bird flapping, bird flapping, bird"
QJAlLhhyawA_000070.mp4,[],none
5JHMkSN2rdc_000089.mp4,[],none
TipVfZMxZbk_000010.mp4,[],none
r93h4dD3XRU_000020.mp4,[],none
2T8OhRXZDTs_000030.mp4,[],none
BcDXW4fKExE_000086.mp4,[],none
tFnfJ5XKIrI_000027.mp4,"['machine gun shooting', 'toilet flushing', 'car engine knocking', 'skiing', 'people clapping', 'tractor digging', 'engine accelerating, revving, vroom', 'rowboat, canoe, kayak rowing', 'playing clarinet', 'electric shaver, electric razor shaving', 'playing harp', 'people burping', 'cap gun shooting', 'female speech, woman speaking', 'tap dancing', 'bird chirping, tweeting', 'playing volleyball', 'playing ukulele', 'child singing', 'fireworks banging', 'playing squash', 'playing erhu', 'playing vibraphone', 'ocean burbling', 'civil defense siren', 'child speech, kid speaking', 'driving buses', 'helicopter', 'yodelling', 'chainsawing trees', 'bowling impact', 'playing hammond organ', 'female singing', 'scuba diving', 'vehicle horn, car horn, honking', 'playing bongo', 'driving motorcycle', 'male singing', 'playing glockenspiel', 'playing table tennis', 'lions roaring', 'playing harpsichord', 'chicken crowing', 'playing synthesizer', 'skidding', 'playing tabla', 'crow cawing', 'singing bowl', 'missile launch', 'playing snare drum']","none (n/a), bird chirping, tweeting, chainsawing trees, chicken crowing, child speech, kid speaking, driving buses, driving motorcycle, engine accelerating, revving, vroom, female singing, female speech, woman speaking, fireworks banging, helicopter, rowboat, canoe, kayak rowing, singing bowl, tap dancing, toilet flushing, vehicle horn, car horn, honking, people burping, playing clarinet, playing hammond organ, playing squash, playing table tennis, playing tabla, playing glockenspiel, playing harpsichord, playing vibraphone, playing bongo, playing percussion, bird chirping, tweeting, chainsawing trees, chicken crowing, child speech, kid speaking, driving buses, driving motorcycle, engine accelerating, revving, vroom, female singing, female speech, woman speaking, fireworks banging, helicopter, rowboat, canoe, kayak rowing, singing bowl, tap dancing, toilet flushing, vehicle horn, car horn, honking, people burping, playing clarinet, playing hammond organ, playing squash, playing table tennis, playing tabla, playing glockenspiel, playing harpsichord, playing vibraphone, playing bongo, playing percussion, bird chirping, tweeting, chainsawing trees, chicken crowing, child singing, crow cawing, playing volleyball, car engine knocking, playing snare drum, machine gun shooting, ocean burbling, skiing, civil defense siren, missile launch, playing erhu, tractor digging, bowling impact, plane flyby, lions roaring, scuba diving, yodelling, playing synthesizer, electric shaver, electric razor shaving, playing ukulele, skidding, cap gun shooting, people clapping, playing vibraphone, mynah bird, bird chirping, tweeting, chainsawing trees, chicken crowing, child singing, crow cawing, playing volleyball, car engine knocking, playing snare drum, machine gun shooting, ocean burbling, skiing, civil defense siren, missile launch, playing erhu, tractor digging, bowling"
zL1shfumYZI_000000.mp4,[],none
vn_LymlQAnc_000440.mp4,[],none
9ZClVJ2V7bA_000022.mp4,[],none
RgvTdT46MXs_000200.mp4,"['skiing', 'playing didgeridoo', 'playing trombone', 'playing piano', 'tractor digging', 'railroad car, train wagon', 'playing bass guitar', 'playing bassoon', 'pigeon, dove cooing', 'playing harp', 'police car (siren)', 'playing cymbal', 'tap dancing', 'playing accordion', 'playing erhu', 'civil defense siren', 'playing flute', 'people crowd', 'playing cello', 'bowling impact', 'playing marimba, xylophone', 'playing drum kit', 'people booing', 'orchestra', 'playing saxophone', 'race car, auto racing', 'playing violin, fiddle', 'singing bowl', 'playing electric guitar', 'missile launch']","subway, orchestra, people booing, people crowd, pigeon, dove cooing, playing accordion, playing bass guitar, playing bassoon, playing cello, playing cymbal, playing didgeridoo, playing drum kit, playing electric guitar, playing flute, playing harp, playing marimba, xylophone, playing piano, playing saxophone, playing trombone, playing violin, fiddle, police car (siren), race car, auto racing, railroad car, train wagon, kayak rowing, singing bowl, tap dancing, playing erhu, tractor digging, bowling impact, skiing, civil defense siren, missile launch, playing erhu, tractor digging, bowling impact, skiing, civil defense siren, missile launch, playing erhu, tractor digging, bowling impact, skiing, civil defense siren, missile launch, playing erhu, tractor digging, bowling impact, skiing, civil defense siren, missile launch, playing erhu, tractor digging, bowling impact, skiing, civil defense siren, missile launch, playing erhu, tractor digging, bowling impact, skiing, civil defense siren, missile launch, playing erhu, tractor digging, bowling impact, skiing, civil defense siren, missile launch, playing erhu, tractor digging, bowling impact, skiing, civil defense siren, missile launch, playing erhu, tractor digging, bowling impact, skiing, civil defense siren, missile launch, playing erhu, tractor digging, bowling impact, skiing, civil defense siren, missile launch, playing erhu, tractor digging, bowling impact, skiing, civil defense siren, missile launch, playing erhu, tractor digging, bowling impact, skiing, civil defense siren, missile launch, playing erhu, tractor digging, bowling impact, skiing, civil defense siren, missile launch, playing erhu, tractor digging, bowling impact, skiing, civil defense siren, missile launch, playing erhu, tractor digging, bowling impact, skiing, civil defense siren, missile launch, playing erhu, tractor"
HOTIBJemUB8_000087.mp4,[],none
fp86HeXZCdo_000068.mp4,[],none
vsmkIaKIbNI_000643.mp4,[],none
7uErtxgLWg4_000020.mp4,"['playing trombone', 'playing piano', 'engine accelerating, revving, vroom', 'rowboat, canoe, kayak rowing', 'railroad car, train wagon', 'playing harp', 'police car (siren)', 'female speech, woman speaking', 'tap dancing', 'bird chirping, tweeting', 'fireworks banging', 'child speech, kid speaking', 'driving buses', 'helicopter', 'chainsawing trees', 'female singing', 'driving motorcycle', 'male singing', 'playing glockenspiel', 'playing harpsichord', 'chicken crowing', 'playing saxophone', 'race car, auto racing', 'playing violin, fiddle', 'singing bowl']","bird chirping, tweeting, chainsawing trees, chicken crowing, child speech, kid speaking, driving buses, driving motorcycle, engine accelerating, revving, vroom, female singing, female speech, woman speaking, fireworks banging, helicopter, rowboat, canoe, kayak rowing, singing bowl, tap dancing, playing glockenspiel, playing harpsichord, playing piano, playing saxophone, playing trombone, playing violin, fiddle, police car (siren), race car, auto racing, railroad car, train wagon, rowboat, canoe, kayak rowing, singing bowl, tap dancing, playing glockenspiel, playing harpsichord, playing violin, fiddle, police car (siren), race car, auto racing, railroad car, train wagon, rowboat, canoe, kayak rowing, singing bowl, tap dancing, playing glockenspiel, playing harpsichord, playing violin, fiddle, police car (siren), race car, auto racing, railroad car, train wagon, rowboat, canoe, kayak rowing, singing bowl, tap dancing, playing glockenspiel, playing harpsichord, playing violin, fiddle, police car (siren), race car, auto racing, railroad car, train wagon, rowboat, canoe, kayak rowing, singing bowl, tap dancing, playing glockenspiel, playing harpsichord, playing violin, fiddle, police car (siren), race car, auto racing, railroad car, train wagon, rowboat, canoe, kayak rowing, singing bowl, tap dancing, playing glockenspiel, playing harpsichord, playing violin, fiddle, police car (siren), race car, auto racing, railroad car, train wagon, rowboat, canoe, kayak rowing, singing bowl, tap dancing, playing glockenspiel, playing harpsichord, playing violin, fiddle, police car (siren), race car, auto racing, railroad car, train wagon, rowboat, canoe, kayak rowing, singing bowl, tap"
O84iR7J3oBU_000095.mp4,"['machine gun shooting', 'car engine knocking', 'skiing', 'tractor digging', 'engine accelerating, revving, vroom', 'pheasant crowing', 'airplane', 'electric shaver, electric razor shaving', 'cap gun shooting', 'female speech, woman speaking', 'tap dancing', 'bird chirping, tweeting', 'playing volleyball', 'playing ukulele', 'child singing', 'fireworks banging', 'airplane flyby', 'playing erhu', 'playing vibraphone', 'ocean burbling', 'civil defense siren', 'child speech, kid speaking', 'driving buses', 'helicopter', 'yodelling', 'chainsawing trees', 'bowling impact', 'wind noise', 'scuba diving', 'female singing', 'playing bongo', 'driving motorcycle', 'male singing', 'playing glockenspiel', 'people booing', 'lions roaring', 'chicken crowing', 'skidding', 'crow cawing', 'playing steel guitar, slide guitar', 'singing bowl', 'missile launch']","birds chirping, tweeting, chainsawing trees, chicken crowing, child speech, kid speaking, driving buses, driving motorcycle, engine accelerating, revving, vroom, female singing, female speech, woman speaking, fireworks banging, helicopter, auto racing, railroad car, auto racing, track car, track wagon, kayak rowing, singing bowl, tap dancing, playing erhu, tractor digging, bowling impact, airplane flyby, lions roaring, scuba diving, yodelling, playing glockenspiel, electric shaver, electric razor shaving, playing ukulele, skidding, cap gun shooting, people booing, playing steel guitar, slide guitar, wind noise, playing bongo, playing glockenspiel, electric shaver, electric razor shaving, playing ukulele, skidding, playing vibraphone, mynah bird, bird chirping, tweeting, chainsawing trees, chicken crowing, child singing, crow cawing, playing volleyball, car engine knocking, machine gun shooting, ocean burbling, skiing, civil defense siren, missile launch, playing erhu, tractor digging, bowling impact, airplane flyby, lions roaring, scuba diving, yodelling, playing glockenspiel, electric shaver, electric razor shaving, playing ukulele, skidding, cap gun shooting, pheasant crowing, playing bongo, skidding, playing glockenspiel, electric shaver, electric razor shaving, playing ukulele, skidding, playing vibraphone, mynah bird, bird chirping, tweeting, chainsawing trees, chicken crowing, child singing, crow cawing, playing volleyball, car engine knocking, machine gun shooting, ocean burbling, skiing, civil defense siren, missile launch, playing erhu, tractor digging, bowling impact, airplane flyby, lions roaring, scuba diving, yodelling, playing glockenspiel, electric shaver, electric razor shaving, playing ukulele, skidding, playing glockenspiel, electric shaver, electric razor shaving, playing ukulele, skidd"
H3vSRzkG82U_000030.mp4,[],none
eVh-XXe3HRY_000020.mp4,[],none
EyAkVnhBJuU_000030.mp4,[],none
qpL6C0YZUYc_000000.mp4,[],none
Sirb4ruDmVA_000386.mp4,[],none
1yxij2nsbZw_000000.mp4,[],none
2zec0wuZgLE_000500.mp4,[],none
5JaMY3ZmbXM_000188.mp4,[],none
lwdbb4Rc7_A_000030.mp4,[],none
3KbSLoAAzy0_000069.mp4,[],none
PjhKFnOvJII_000030.mp4,[],none
B6V6cA5p08M_000083.mp4,[],none
HIT2YWOALto_000002.mp4,[],none
yO8Jl8Jbdik_000005.mp4,[],none
GMKY1SWCmIQ_000055.mp4,[],none
MG3tQi9ed3A_000079.mp4,['playing erhu'],playing erhu
rrWsWt-rDrQ_000100.mp4,[],none
HLncJNvEBH8_000030.mp4,[],none
7S_0fblbIOs_000001.mp4,[],none
aDsnFA2GDQw_000043.mp4,[],none
vzY4mHyr-F8_000214.mp4,[],none
c4r8Kd6Q1n8_000008.mp4,[],none
mcDE08Bi64k_000030.mp4,[],none
nqgT85S5Rno_000110.mp4,[],none
S0tXw0I2l8M_000286.mp4,"['playing didgeridoo', 'playing banjo', 'playing trombone', 'playing piano', 'engine accelerating, revving, vroom', 'playing bass guitar', 'pigeon, dove cooing', 'playing harp', 'female speech, woman speaking', 'playing cymbal', 'fireworks banging', 'playing accordion', 'playing flute', 'child speech, kid speaking', 'driving buses', 'helicopter', 'chainsawing trees', 'female singing', 'playing marimba, xylophone', 'playing drum kit', 'driving motorcycle', 'male singing', 'people booing', 'chicken crowing', 'playing saxophone', 'playing electric guitar']","none (siren not visible), chainsawing trees, chicken crowing, child speech, kid speaking, driving buses, driving motorcycle, engine accelerating, revving, vroom, female singing, female speech, woman speaking, fireworks banging, helicopter, auto racing, railroad car, auto racing, track car, car horn, honking, people booing, pigeon, dove cooing, playing accordion, playing banjo, playing bass guitar, playing cymbal, playing didgeridoo, playing drum kit, playing electric guitar, playing flute, playing harp, playing marimba, xylophone, playing piano, playing saxophone, playing trombone, playing guitar, playing bass guitar, playing cymbal, playing didgeridoo, playing drum kit, playing electric guitar, playing flute, playing harp, playing marimba, xylophone, playing piano, playing saxophone, playing trombone, playing guitar, playing bass guitar, playing cymbal, playing didgeridoo, playing drum kit, playing electric guitar, playing flute, playing harp, playing marimba, xylophone, playing piano, playing saxophone, playing trombone, playing guitar, playing bass guitar, playing cymbal, playing didgeridoo, playing drum kit, playing electric guitar, playing flute, playing harp, playing marimba, xylophone, playing piano, playing saxophone, playing trombone, playing guitar, playing bass guitar, playing cymbal, playing didgeridoo, playing drum kit, playing electric guitar, playing flute, playing harp, playing marimba, xylophone, playing piano, playing saxophone, playing trombone, playing guitar, playing bass guitar, playing cymbal, playing didgeridoo, playing drum kit, playing electric guitar, playing flute, playing harp, playing marimba, xylophone, playing piano, playing saxophone, playing guitar, playing bass guitar, playing cymbal, playing didgeridoo, playing harp, playing marimba, xylophone, playing piano, playing saxophone, playing guitar, playing bass guitar, playing cymbal, playing didgeridoo, playing harp, playing marimba, x"
rqNRRqAjk6g_000533.mp4,[],none
ST06L3u-WOo_000240.mp4,[],none
IblhEF_MiH8_000400.mp4,[],none
quNBwLp5LE4_000078.mp4,[],none (0)
WohJxQ1ll6w_000052.mp4,[],none
zZnDRrwcbTE_000021.mp4,[],none
GU782ddSBvk_000390.mp4,[],none
A6p86Kp6tDE_000030.mp4,[],none
2uZt59va3Ss_000050.mp4,[],none
0eZHWqzsRqU_000005.mp4,"['playing theremin', 'skateboarding', 'tractor digging', 'engine accelerating, revving, vroom', 'airplane', 'railroad car, train wagon', 'vacuum cleaner cleaning floors', 'playing harp', 'electric shaver, electric razor shaving', 'female speech, woman speaking', 'tap dancing', 'bird chirping, tweeting', 'playing ukulele', 'fireworks banging', 'airplane flyby', 'playing erhu', 'playing vibraphone', 'child speech, kid speaking', 'driving buses', 'helicopter', 'yodelling', 'chainsawing trees', 'bowling impact', 'wind noise', 'scuba diving', 'female singing', 'playing bongo', 'driving motorcycle', 'male singing', 'playing glockenspiel', 'lions roaring', 'playing harpsichord', 'chicken crowing', 'playing synthesizer', 'skidding', 'playing steel guitar, slide guitar', 'singing bowl']","bird chirping, tweeting, chainsawing trees, chicken crowing, child speech, kid speaking, driving buses, driving motorcycle, engine accelerating, revving, vroom, female singing, female speech, woman speaking, fireworks banging, helicopter, auto racing, railroad car, train wagon, kayak rowing, singing bowl, tap dancing, bird croaking, vacuum cleaner cleaning floors, playing theremin, playing bongo, playing glockenspiel, playing harpsichord, playing ukulele, playing vibraphone, skidding, playing synthesizer, electric shaver, electric razor shaving, playing steel guitar, slide guitar, wind noise, playing bongo, skateboarding, playing synthesizer, electric shaver, electric razor shaving, playing ukulele, skidding, playing vibraphone, mynah bird, playing erhu, tractor digging, bowling impact, airplane flyby, lions roaring, scuba diving, yodelling, playing glockenspiel, playing harpsichord, playing ukulele, skidding, playing vibraphone, mynah bird, playing erhu, tractor digging, bowling impact, airplane flyby, lions roaring, scuba diving, yodelling, playing glockenspiel, playing harpsichord, playing ukulele, skidding, playing vibraphone, mynah bird, playing erhu, tractor digging, bowling impact, airplane flyby, lions roaring, scuba diving, yodelling, playing glockenspiel, playing harpsichord, playing ukulele, skidding, playing vibraphone, mynah bird, playing erhu, tractor digging, bowling impact, airplane flyby, lions roaring, scuba diving, yodelling, playing glockenspiel, playing harpsichord, playing ukulele, skidding, playing vibraphone, mynah bird, playing erhu, tractor digging, bowling impact, airplane flyby, lions roaring, scuba diving, yodelling, playing glockenspiel, playing harpsichord, playing ukulele, skidding, playing vibraph"
z8X-Xb03RIc_000003.mp4,[],none
mGKX6kwKvSE_000340.mp4,[],none
igPiKZUKwVA_000160.mp4,[],none
MHfusgSoXiw_000010.mp4,[],none
lfQyTxvpKRk_000030.mp4,[],none
SUclDZHax0w_000120.mp4,[],none
8Lo8sTCdz-w_000113.mp4,[],none
UBzbRcWlsKI_000747.mp4,[],none
NXEDGkvzFHg_000028.mp4,[],none
Vw-veOw_YJg_000040.mp4,[],none
l7Wo_s7HFIY_000190.mp4,[],none
dzw5qQo-i4Y_000000.mp4,[],none
tnepPZChA5U_000219.mp4,[],none
K_UpUg4-MGw_000001.mp4,[],none
xZjbiCtvuNU_000896.mp4,[],none
EoSrrPIaoMM_000250.mp4,[],none
EzEz08vL8Po_000030.mp4,[],none
uXVa0VyKdm0_000024.mp4,[],none
y8Wfo63JFrI_000000.mp4,[],none
sKglR9n1aFg_000030.mp4,[],none
RTDr2L_OT0M_000030.mp4,[],none
rcaxwyTo-E4_000150.mp4,[],none
RjW-A2yB9pY_000027.mp4,[],none
cmB8l4mQ1XQ_000030.mp4,[],none
Y6lUctPmnoc_000007.mp4,[],none
7PK3nvCihMk_000011.mp4,[],none
Bf2m1sXaXk4_000010.mp4,[],none
-6u76q0L5o8_000067.mp4,"['machine gun shooting', 'car engine knocking', 'skiing', 'playing trombone', 'playing piano', 'tractor digging', 'engine accelerating, revving, vroom', 'railroad car, train wagon', 'electric shaver, electric razor shaving', 'playing harp', 'police car (siren)', 'cap gun shooting', 'female speech, woman speaking', 'tap dancing', 'bird chirping, tweeting', 'playing volleyball', 'playing ukulele', 'child singing', 'fireworks banging', 'playing erhu', 'playing vibraphone', 'ocean burbling', 'civil defense siren', 'child speech, kid speaking', 'driving buses', 'helicopter', 'chainsawing trees', 'bowling impact', 'female singing', 'driving motorcycle', 'male singing', 'playing glockenspiel', 'people sniggering', 'playing harpsichord', 'chicken crowing', 'playing saxophone', 'race car, auto racing', 'playing synthesizer', 'skidding', 'crow cawing', 'playing violin, fiddle', 'singing bowl', 'missile launch', 'playing snare drum']","bird chirping, tweeting, chainsawing trees, chicken crowing, child speech, kid speaking, driving buses, driving motorcycle, engine accelerating, revving, vroom, female singing, female speech, woman speaking, fireworks banging, helicopter, rowboat, kayak rowing, singing bowl, tap dancing, bird croaking, playing glockenspiel, playing harpsichord, playing piano, playing saxophone, playing trombone, playing violin, fiddle, police car (siren), race car, auto racing, railroad car, train wagon, rowboat, kayak rowing, singing bowl, tap dancing, bird chirping, tweeting, chainsawing trees, chicken crowing, child speech, kid speaking, driving buses, driving motorcycle, engine accelerating, revving, vroom, female singing, female speech, woman speaking, fireworks banging, helicopter, rowboat, kayak rowing, singing bowl, tap dancing, bird chirping, tweeting, chainsawing trees, chicken crowing, child speech, kid speaking, driving buses, driving motorcycle, engine accelerating, revving, vroom, female singing, female speech, woman speaking, fireworks banging, helicopter, rowboat, kayak rowing, singing bowl, tap dancing, bird chirping, tweeting, chainsawing trees, chicken crowing, child singing, crow cawing, playing volleyball, car engine knocking, playing snare drum, machine gun shooting, ocean burbling, skiing, civil defense siren, missile launch, playing erhu, tractor digging, bowling impact, speedboat launch, playing synthesizer, electric shaver, electric razor shaving, playing ukulele, skidding, cap gun shooting, people sniggering, playing vibraphone, mynah bird, playing glockenspiel, playing harpsichord, playing ukulele, skidding, bird chirping, tweeting, chainsawing trees, chicken crowing, child singing, crow cawing, playing volleyball, car engine knocking, playing snare drum, machine gun shooting, ocean burbling, skiing, civil defense siren"
Ml-jhHJA7s0_000180.mp4,[],none
ktXc8h6LfvY_000030.mp4,[],none
ObhHyU04C40_000197.mp4,[],none
n7-lKjrJFA0_000088.mp4,[],none
9W4cZpE6tH8_000037.mp4,"['machine gun shooting', 'car engine knocking', 'playing theremin', 'skiing', 'skateboarding', 'tractor digging', 'engine accelerating, revving, vroom', 'slot machine', 'railroad car, train wagon', 'vacuum cleaner cleaning floors', 'playing harp', 'electric shaver, electric razor shaving', 'police car (siren)', 'female speech, woman speaking', 'tap dancing', 'bird chirping, tweeting', 'playing volleyball', 'playing ukulele', 'child singing', 'fireworks banging', 'playing erhu', 'ocean burbling', 'subway, metro, underground', 'civil defense siren', 'child speech, kid speaking', 'driving buses', 'helicopter', 'chainsawing trees', 'bowling impact', 'female singing', 'playing bongo', 'driving motorcycle', 'male singing', 'playing glockenspiel', 'playing badminton', 'beat boxing', 'playing harpsichord', 'chicken crowing', 'race car, auto racing', 'playing synthesizer', 'frog croaking', 'crow cawing', 'playing violin, fiddle', 'singing bowl', 'missile launch']","bird chirping, tweeting, chainsawing trees, chicken crowing, child speech, kid speaking, driving buses, driving motorcycle, engine accelerating, revving, vroom, female singing, female speech, woman speaking, fireworks banging, helicopter, rowboat, kayak rowing, singing bowl, tap dancing, frog croaking, vacuum cleaner cleaning floors, playing erhu, tractor digging, bowling impact, playing bongo, playing glockenspiel, playing harpsichord, playing violin, fiddle, police car (siren), race car, auto racing, railroad car, train wagon, rowboat, kayak rowing, singing bowl, tap dancing, frog croaking, vacuum cleaner cleaning floors, playing theremin, playing badminton, slot machine, subway, metro, underground, beat boxing, child singing, crow cawing, playing volleyball, car engine knocking, machine gun shooting, ocean burbling, skiing, civil defense siren, missile launch, playing erhu, tractor digging, bowling impact, playing bongo, skateboarding, playing synthesizer, electric shaver, electric razor shaving, playing ukulele, singing bowl, tap dancing, frog croaking, vacuum cleaner cleaning floors, playing theremin, playing erhu, tractor digging, bowling impact, playing bongo, skateboarding, playing synthesizer, electric shaver, electric razor shaving, playing ukulele, singing bowl, tap dancing, frog croaking, vacuum cleaner cleaning floors, playing theremin, playing erhu, tractor digging, bowling impact, playing bongo, skateboarding, playing synthesizer, electric shaver, electric razor shaving, playing ukulele, singing bowl, tap dancing, frog croaking, vacuum cleaner cleaning floors, playing theremin, playing erhu, tractor digging, bowling impact, playing bongo, skateboarding, playing synthesizer, electric shaver, electric razor shaving, playing ukulele, singing bowl, tap dancing, frog croaking, vacuum cleaner"
DpiGR6_i4Js_000030.mp4,[],none
695GiTHasWE_000066.mp4,[],none
KpzZokdRUuY_000040.mp4,[],none
ARfWAetq5XE_000010.mp4,[],none
S6Y0ppbB65E_000000.mp4,[],none
2qAlWm3NES8_000034.mp4,[],none
WkavReH4LE0_000020.mp4,[],none
Kvpav8cFKhM_000120.mp4,[],none
eor__yOOiNc_000060.mp4,[],none
-uD3ZbhFTnk_000077.mp4,[],none
Fzs-OIw-Atw_000000.mp4,[],none
Q6nMNWRvWfM_000040.mp4,"['playing didgeridoo', 'playing trombone', 'playing piano', 'engine accelerating, revving, vroom', 'railroad car, train wagon', 'playing bass guitar', 'playing bassoon', 'playing harp', 'police car (siren)', 'female speech, woman speaking', 'playing cymbal', 'bird chirping, tweeting', 'tap dancing', 'fireworks banging', 'playing flute', 'child speech, kid speaking', 'driving buses', 'helicopter', 'chainsawing trees', 'playing cello', 'female singing', 'playing marimba, xylophone', 'playing drum kit', 'driving motorcycle', 'male singing', 'playing glockenspiel', 'playing harpsichord', 'chicken crowing', 'playing saxophone', 'race car, auto racing', 'playing violin, fiddle', 'singing bowl', 'playing electric guitar']","bird chirping, tweeting, chainsawing trees, chicken crowing, child speech, kid speaking, driving buses, driving motorcycle, engine accelerating, revving, vroom, female singing, female speech, woman speaking, fireworks banging, helicopter, rowboat, kayak rowing, singing bowl, tap dancing, bird howling, playing glockenspiel, playing harpsichord, playing trombone, playing bass guitar, playing bassoon, playing cello, playing cymbal, playing didgeridoo, playing drum kit, playing electric guitar, playing flute, playing harp, playing marimba, xylophone, playing piano, playing saxophone, playing saxophone, playing trombone, playing violin, fiddle, police car (siren), race car, auto racing, railroad car, train wagon, rowboat, kayak rowing, singing bowl, tap dancing, bird chirping, playing glockenspiel, playing harpsichord, playing bass guitar, playing bassoon, playing cello, playing cymbal, playing didgeridoo, playing drum kit, playing electric guitar, playing flute, playing harp, playing marimba, xylophone, playing piano, playing saxophone, playing trombone, playing violin, fiddle, police car (siren), race car, auto racing, railroad car, train wagon, rowboat, kayak rowing, singing bowl, tap dancing, bird chirping, playing glockenspiel, playing harpsichord, playing bass guitar, playing bassoon, playing cello, playing cymbal, playing didgeridoo, playing drum kit, playing electric guitar, playing flute, playing harpsichord, playing violin, fiddle, police car (siren), race car, auto racing, railroad car, train wagon, rowboat, kayak rowing, singing bowl, tap dancing, bird chirping, playing glockenspiel, playing harpsichord, playing bass guitar, playing bassoon, playing cello, playing cymbal, playing didgeridoo, playing harpsichord, playing violin, fiddle, police car (siren), race car, auto racing, railroad car, train"
JLKsLx_SGOU_000030.mp4,[],none
VtcXTrVLwb8_000598.mp4,[],none
kO_VmIHmggc_000045.mp4,[],none
Qy6DeQnCHuU_000030.mp4,[],none
vhJeDYQVtdQ_000040.mp4,[],none
bVg-KMzzrVA_000137.mp4,[],none
jGrIgDaqDR8_000210.mp4,[],none
Ap9gDgwq1DU_000030.mp4,[],none
bkzGHRpx5MM_000030.mp4,[],none
eqWaZmPUnng_000000.mp4,[],none
1a-ODBWMUAE_000030.mp4,[],none
r0u5T5kqm4Y_000003.mp4,[],none
3hZIjJKOlzI_000255.mp4,[],none
JcMhOe-DHoE_000018.mp4,[],none
9vDOSz1KxrQ_000169.mp4,[],none
HZDIyvYqEC8_000001.mp4,[],none
i9kg--lMYBk_000062.mp4,[],none
zAUlzt_njmk_000028.mp4,[],none
3vDDWN5GKAA_000139.mp4,[],none
I6bNIhsP0DY_000218.mp4,[],none
nfitcQXx-Y0_000058.mp4,[],none
RrlgSfQrqQc_000020.mp4,[],none
F0StNDt5xE8_000330.mp4,[],none
FBywOWQykEc_000492.mp4,[],none
aCxAhvP0kzI_000043.mp4,[],none
LCFNAzdifzU_000003.mp4,[],none
nSBO3brcr58_000225.mp4,[],none
4xWlOt4GOzs_000094.mp4,[],none
yhA_TTKetyM_000030.mp4,[],none
dBSRk9afGgE_000035.mp4,[],none
tmdrHw6-yUY_000181.mp4,[],none
uJJ494MYSmo_000019.mp4,[],none
RMMcezvEugQ_000011.mp4,[],none
_Sll3DT8FxE_000041.mp4,[],none
5lyszxMsT20_000110.mp4,[],none
HNNDBeHGlBc_000015.mp4,[],none
9WtDINM2mNc_000237.mp4,[],none
Au8g9kAlrLQ_000030.mp4,[],none
LjxhswBV1UA_000020.mp4,[],none
ZPeG32vKQ3w_000030.mp4,[],none
yyqydavJ4YQ_000201.mp4,[],none
EJwOhdjhxXY_000012.mp4,[],none
oYEzy8gH6q8_000030.mp4,[],none
E75i9rHDHaE_000000.mp4,[],none
